{
  "session_id": "integration-test-1753545347",
  "start_time": 1753545347.9797812,
  "end_time": 1753545349.038379,
  "total_duration": 1.0585978031158447,
  "agent_count": 0,
  "parallel_efficiency": 0,
  "speedup_factor": 1,
  "sequential_estimate": 1.0585978031158447,
  "success_rate": 0,
  "agents": []
}