{
  "session_id": "test-session-003",
  "start_time": 1753545003.179415,
  "end_time": 1753545019.001787,
  "total_duration": 15.82237195968628,
  "agent_count": 0,
  "parallel_efficiency": 0,
  "speedup_factor": 1,
  "sequential_estimate": 15.82237195968628,
  "success_rate": 0,
  "agents": []
}